{"accuracy": 0.8173076923076923, "precision": 0.7738095238095238, "recall": 1.0, "auc": 0.7564102564102564, "inference_time_ms": 169.10499105086694}